D:\tools\tablacusExplorer	1701139311421
D:\tools	1701139309873
D:\	1701139308190
17	1701139304280
about:blank	1701139282657
::{20D04FE0-3AEA-1069-A2D8-08002B30309D}\::{24AD3AD4-A569-4530-98E1-AB02F9417AA8}	1700654746744
::{20D04FE0-3AEA-1069-A2D8-08002B30309D}\::{D3162B92-9365-467A-956B-92703ACA08AF}	1700654731449
::{20D04FE0-3AEA-1069-A2D8-08002B30309D}\::{3DFDF296-DBEC-4FB4-81D1-6A3438BCF4DE}	1700654723739
::{20D04FE0-3AEA-1069-A2D8-08002B30309D}\::{B4BFCC3A-DB2C-424C-B029-7FE99A87C641}	1700654576428
::{20D04FE0-3AEA-1069-A2D8-08002B30309D}\::{088E3905-0323-4B02-9826-5D99428E115F}	1700654575838
::{59031A47-3F72-44A7-89C5-5595FE6B30EE}\Google ドライブ	1700654571610
